{"cameraMode":{"drawMode":0,"name":"Shaded","section":"Shading Mode"},"sceneLighting":true,"audioPlay":false,"sceneViewState":{"showFog":true,"showMaterialUpdate":false,"showSkybox":true,"showFlares":true,"showImageEffects":true,"showParticleSystems":true},"in2DMode":false,"pivot":{"x":-0.0603632926940918,"y":0.22209084033966065,"z":-0.10538315773010254},"rotation":{"x":-0.07658382505178452,"y":0.919288158416748,"z":-0.22380584478378297,"w":-0.31456995010375979},"size":1.5070903301239014,"orthographic":false}