{"cameraMode":{"drawMode":0,"name":"Shaded","section":"Shading Mode"},"sceneLighting":true,"audioPlay":false,"sceneViewState":{"showFog":true,"showMaterialUpdate":false,"showSkybox":true,"showFlares":true,"showImageEffects":true,"showParticleSystems":true,"showVisualEffectGraphs":true,"m_FxEnabled":true},"in2DMode":false,"pivot":{"x":2.665142059326172,"y":-2.4803991317749025,"z":-0.3997163772583008},"rotation":{"x":-0.12150108814239502,"y":-0.011318343691527844,"z":0.0013858370948582888,"w":-0.9925280213356018},"size":8.317895889282227,"orthographic":false}