{"cameraMode":{"drawMode":0,"name":"Shaded","section":"Shading Mode"},"sceneLighting":true,"audioPlay":false,"sceneViewState":{"showFog":true,"showMaterialUpdate":false,"showSkybox":true,"showFlares":true,"showImageEffects":true,"showParticleSystems":true,"showVisualEffectGraphs":true,"m_FxEnabled":true},"in2DMode":false,"pivot":{"x":1.8992513418197632,"y":-0.9409142732620239,"z":13.643195152282715},"rotation":{"x":0.030285554006695749,"y":-0.031163599342107774,"z":0.0011356276227161289,"w":0.9991174936294556},"size":12.768478393554688,"orthographic":false}