{"cameraMode":{"drawMode":0,"name":"Shaded","section":"Shading Mode"},"sceneLighting":true,"audioPlay":false,"sceneViewState":{"showFog":true,"showMaterialUpdate":false,"showSkybox":true,"showFlares":true,"showImageEffects":true,"showParticleSystems":true,"showVisualEffectGraphs":true,"m_FxEnabled":true},"in2DMode":false,"pivot":{"x":-0.4385520815849304,"y":1.0010669231414796,"z":1.0630433559417725},"rotation":{"x":0.30566227436065676,"y":0.0328458696603775,"z":-0.010531618259847165,"w":0.9515653848648071},"size":3.108872175216675,"orthographic":false}